page_index,latency_cycles,latency_us
0,4098,1.863
1,4196,1.907
2,7874,3.579
3,9390,4.268
4,9396,4.271
5,9408,4.276
6,9412,4.278
7,9418,4.281
8,9428,4.285
9,9436,4.289
10,9438,4.290
11,9440,4.291
12,9448,4.295
13,9450,4.295
14,9450,4.295
15,9452,4.296
16,9454,4.297
17,9456,4.298
18,9466,4.303
19,9466,4.303
20,9478,4.308
21,9484,4.311
22,9488,4.313
23,9492,4.315
24,9498,4.317
25,9502,4.319
26,9506,4.321
27,9506,4.321
28,9510,4.323
29,9516,4.325
30,9516,4.325
31,9516,4.325
32,9518,4.326
33,9518,4.326
34,9520,4.327
35,9520,4.327
36,9520,4.327
37,9524,4.329
38,9524,4.329
39,9524,4.329
40,9526,4.330
41,9530,4.332
42,9534,4.334
43,9536,4.335
44,9536,4.335
45,9536,4.335
46,9536,4.335
47,9538,4.335
48,9538,4.335
49,9540,4.336
50,9540,4.336
51,9542,4.337
52,9542,4.337
53,9542,4.337
54,9542,4.337
55,9542,4.337
56,9544,4.338
57,9544,4.338
58,9546,4.339
59,9546,4.339
60,9546,4.339
61,9548,4.340
62,9548,4.340
63,9550,4.341
64,9550,4.341
65,9550,4.341
66,9550,4.341
67,9550,4.341
68,9552,4.342
69,9552,4.342
70,9552,4.342
71,9552,4.342
72,9554,4.343
73,9554,4.343
74,9556,4.344
75,9556,4.344
76,9556,4.344
77,9556,4.344
78,9558,4.345
79,9558,4.345
80,9560,4.345
81,9560,4.345
82,9562,4.346
83,9562,4.346
84,9562,4.346
85,9564,4.347
86,9564,4.347
87,9566,4.348
88,9566,4.348
89,9566,4.348
90,9566,4.348
91,9566,4.348
92,9566,4.348
93,9568,4.349
94,9568,4.349
95,9568,4.349
96,9570,4.350
97,9570,4.350
98,9572,4.351
99,9572,4.351
100,9574,4.352
101,9574,4.352
102,9574,4.352
103,9576,4.353
104,9576,4.353
105,9576,4.353
106,9578,4.354
107,9578,4.354
108,9578,4.354
109,9578,4.354
110,9578,4.354
111,9578,4.354
112,9578,4.354
113,9578,4.354
114,9580,4.355
115,9582,4.355
116,9582,4.355
117,9582,4.355
118,9582,4.355
119,9582,4.355
120,9582,4.355
121,9584,4.356
122,9584,4.356
123,9584,4.356
124,9586,4.357
125,9586,4.357
126,9588,4.358
127,9588,4.358
128,9588,4.358
129,9588,4.358
130,9590,4.359
131,9590,4.359
132,9590,4.359
133,9592,4.360
134,9592,4.360
135,9592,4.360
136,9592,4.360
137,9594,4.361
138,9594,4.361
139,9594,4.361
140,9594,4.361
141,9596,4.362
142,9596,4.362
143,9596,4.362
144,9596,4.362
145,9596,4.362
146,9596,4.362
147,9596,4.362
148,9596,4.362
149,9598,4.363
150,9598,4.363
151,9598,4.363
152,9598,4.363
153,9598,4.363
154,9600,4.364
155,9600,4.364
156,9600,4.364
157,9600,4.364
158,9600,4.364
159,9600,4.364
160,9600,4.364
161,9600,4.364
162,9602,4.365
163,9602,4.365
164,9602,4.365
165,9602,4.365
166,9602,4.365
167,9604,4.365
168,9604,4.365
169,9604,4.365
170,9606,4.366
171,9606,4.366
172,9606,4.366
173,9608,4.367
174,9608,4.367
175,9608,4.367
176,9608,4.367
177,9608,4.367
178,9608,4.367
179,9608,4.367
180,9608,4.367
181,9610,4.368
182,9610,4.368
183,9610,4.368
184,9612,4.369
185,9612,4.369
186,9612,4.369
187,9614,4.370
188,9614,4.370
189,9614,4.370
190,9616,4.371
191,9616,4.371
192,9616,4.371
193,9616,4.371
194,9618,4.372
195,9618,4.372
196,9618,4.372
197,9618,4.372
198,9618,4.372
199,9618,4.372
200,9618,4.372
201,9620,4.373
202,9620,4.373
203,9620,4.373
204,9620,4.373
205,9620,4.373
206,9620,4.373
207,9620,4.373
208,9622,4.374
209,9622,4.374
210,9622,4.374
211,9622,4.374
212,9622,4.374
213,9624,4.375
214,9624,4.375
215,9624,4.375
216,9628,4.376
217,9628,4.376
218,9628,4.376
219,9628,4.376
220,9628,4.376
221,9628,4.376
222,9630,4.377
223,9630,4.377
224,9630,4.377
225,9630,4.377
226,9630,4.377
227,9632,4.378
228,9632,4.378
229,9632,4.378
230,9632,4.378
231,9632,4.378
232,9632,4.378
233,9634,4.379
234,9634,4.379
235,9634,4.379
236,9636,4.380
237,9636,4.380
238,9640,4.382
239,9640,4.382
240,9640,4.382
241,9642,4.383
242,9642,4.383
243,9642,4.383
244,9642,4.383
245,9642,4.383
246,9644,4.384
247,9644,4.384
248,9644,4.384
249,9644,4.384
250,9646,4.385
251,9646,4.385
252,9646,4.385
253,9646,4.385
254,9646,4.385
255,9646,4.385
256,9646,4.385
257,9648,4.385
258,9650,4.386
259,9650,4.386
260,9650,4.386
261,9650,4.386
262,9650,4.386
263,9652,4.387
264,9652,4.387
265,9652,4.387
266,9652,4.387
267,9654,4.388
268,9654,4.388
269,9654,4.388
270,9656,4.389
271,9656,4.389
272,9656,4.389
273,9656,4.389
274,9656,4.389
275,9658,4.390
276,9658,4.390
277,9658,4.390
278,9660,4.391
279,9660,4.391
280,9660,4.391
281,9660,4.391
282,9660,4.391
283,9660,4.391
284,9660,4.391
285,9660,4.391
286,9660,4.391
287,9662,4.392
288,9662,4.392
289,9662,4.392
290,9664,4.393
291,9664,4.393
292,9664,4.393
293,9664,4.393
294,9664,4.393
295,9666,4.394
296,9666,4.394
297,9668,4.395
298,9668,4.395
299,9670,4.395
300,9670,4.395
301,9670,4.395
302,9670,4.395
303,9672,4.396
304,9672,4.396
305,9672,4.396
306,9672,4.396
307,9672,4.396
308,9674,4.397
309,9674,4.397
310,9674,4.397
311,9674,4.397
312,9676,4.398
313,9676,4.398
314,9676,4.398
315,9676,4.398
316,9676,4.398
317,9678,4.399
318,9678,4.399
319,9680,4.400
320,9680,4.400
321,9680,4.400
322,9680,4.400
323,9682,4.401
324,9682,4.401
325,9682,4.401
326,9682,4.401
327,9684,4.402
328,9684,4.402
329,9684,4.402
330,9686,4.403
331,9686,4.403
332,9688,4.404
333,9688,4.404
334,9688,4.404
335,9690,4.405
336,9690,4.405
337,9690,4.405
338,9692,4.405
339,9694,4.406
340,9694,4.406
341,9694,4.406
342,9694,4.406
343,9696,4.407
344,9696,4.407
345,9696,4.407
346,9698,4.408
347,9698,4.408
348,9698,4.408
349,9698,4.408
350,9698,4.408
351,9698,4.408
352,9698,4.408
353,9700,4.409
354,9700,4.409
355,9702,4.410
356,9702,4.410
357,9702,4.410
358,9702,4.410
359,9702,4.410
360,9702,4.410
361,9704,4.411
362,9704,4.411
363,9704,4.411
364,9706,4.412
365,9706,4.412
366,9706,4.412
367,9706,4.412
368,9708,4.413
369,9708,4.413
370,9708,4.413
371,9710,4.414
372,9710,4.414
373,9710,4.414
374,9712,4.415
375,9712,4.415
376,9712,4.415
377,9714,4.415
378,9714,4.415
379,9714,4.415
380,9714,4.415
381,9714,4.415
382,9714,4.415
383,9716,4.416
384,9716,4.416
385,9716,4.416
386,9716,4.416
387,9716,4.416
388,9718,4.417
389,9718,4.417
390,9718,4.417
391,9718,4.417
392,9718,4.417
393,9720,4.418
394,9720,4.418
395,9720,4.418
396,9720,4.418
397,9720,4.418
398,9720,4.418
399,9722,4.419
400,9722,4.419
401,9722,4.419
402,9724,4.420
403,9724,4.420
404,9724,4.420
405,9724,4.420
406,9728,4.422
407,9728,4.422
408,9728,4.422
409,9728,4.422
410,9730,4.423
411,9730,4.423
412,9732,4.424
413,9732,4.424
414,9734,4.425
415,9734,4.425
416,9734,4.425
417,9734,4.425
418,9736,4.425
419,9736,4.425
420,9736,4.425
421,9736,4.425
422,9736,4.425
423,9738,4.426
424,9738,4.426
425,9738,4.426
426,9738,4.426
427,9738,4.426
428,9738,4.426
429,9738,4.426
430,9738,4.426
431,9738,4.426
432,9740,4.427
433,9740,4.427
434,9740,4.427
435,9740,4.427
436,9740,4.427
437,9740,4.427
438,9740,4.427
439,9742,4.428
440,9742,4.428
441,9744,4.429
442,9746,4.430
443,9746,4.430
444,9746,4.430
445,9748,4.431
446,9748,4.431
447,9748,4.431
448,9748,4.431
449,9748,4.431
450,9748,4.431
451,9748,4.431
452,9750,4.432
453,9750,4.432
454,9750,4.432
455,9750,4.432
456,9750,4.432
457,9752,4.433
458,9752,4.433
459,9752,4.433
460,9752,4.433
461,9754,4.434
462,9754,4.434
463,9754,4.434
464,9754,4.434
465,9754,4.434
466,9754,4.434
467,9756,4.435
468,9756,4.435
469,9756,4.435
470,9756,4.435
471,9756,4.435
472,9758,4.435
473,9758,4.435
474,9758,4.435
475,9758,4.435
476,9758,4.435
477,9760,4.436
478,9760,4.436
479,9760,4.436
480,9760,4.436
481,9760,4.436
482,9760,4.436
483,9762,4.437
484,9762,4.437
485,9762,4.437
486,9764,4.438
487,9764,4.438
488,9764,4.438
489,9764,4.438
490,9766,4.439
491,9766,4.439
492,9766,4.439
493,9766,4.439
494,9766,4.439
495,9768,4.440
496,9768,4.440
497,9768,4.440
498,9768,4.440
499,9768,4.440
500,9768,4.440
501,9768,4.440
502,9768,4.440
503,9768,4.440
504,9768,4.440
505,9768,4.440
506,9770,4.441
507,9770,4.441
508,9770,4.441
509,9770,4.441
510,9772,4.442
511,9772,4.442
512,9772,4.442
513,9774,4.443
514,9776,4.444
515,9776,4.444
516,9776,4.444
517,9776,4.444
518,9778,4.445
519,9778,4.445
520,9778,4.445
521,9778,4.445
522,9778,4.445
523,9778,4.445
524,9778,4.445
525,9778,4.445
526,9778,4.445
527,9780,4.445
528,9780,4.445
529,9780,4.445
530,9780,4.445
531,9782,4.446
532,9782,4.446
533,9782,4.446
534,9782,4.446
535,9782,4.446
536,9784,4.447
537,9784,4.447
538,9784,4.447
539,9784,4.447
540,9784,4.447
541,9784,4.447
542,9786,4.448
543,9786,4.448
544,9786,4.448
545,9786,4.448
546,9786,4.448
547,9786,4.448
548,9786,4.448
549,9786,4.448
550,9786,4.448
551,9786,4.448
552,9788,4.449
553,9788,4.449
554,9788,4.449
555,9788,4.449
556,9788,4.449
557,9790,4.450
558,9790,4.450
559,9790,4.450
560,9790,4.450
561,9790,4.450
562,9790,4.450
563,9790,4.450
564,9790,4.450
565,9792,4.451
566,9792,4.451
567,9792,4.451
568,9794,4.452
569,9794,4.452
570,9794,4.452
571,9794,4.452
572,9794,4.452
573,9796,4.453
574,9796,4.453
575,9796,4.453
576,9796,4.453
577,9796,4.453
578,9798,4.454
579,9798,4.454
580,9798,4.454
581,9800,4.455
582,9800,4.455
583,9800,4.455
584,9800,4.455
585,9800,4.455
586,9802,4.455
587,9802,4.455
588,9802,4.455
589,9802,4.455
590,9802,4.455
591,9802,4.455
592,9804,4.456
593,9804,4.456
594,9804,4.456
595,9804,4.456
596,9804,4.456
597,9806,4.457
598,9806,4.457
599,9806,4.457
600,9806,4.457
601,9806,4.457
602,9808,4.458
603,9808,4.458
604,9810,4.459
605,9810,4.459
606,9810,4.459
607,9812,4.460
608,9812,4.460
609,9812,4.460
610,9814,4.461
611,9814,4.461
612,9814,4.461
613,9814,4.461
614,9814,4.461
615,9814,4.461
616,9814,4.461
617,9816,4.462
618,9816,4.462
619,9816,4.462
620,9816,4.462
621,9816,4.462
622,9816,4.462
623,9816,4.462
624,9816,4.462
625,9818,4.463
626,9818,4.463
627,9818,4.463
628,9818,4.463
629,9818,4.463
630,9818,4.463
631,9820,4.464
632,9820,4.464
633,9820,4.464
634,9820,4.464
635,9820,4.464
636,9820,4.464
637,9822,4.465
638,9822,4.465
639,9822,4.465
640,9822,4.465
641,9822,4.465
642,9822,4.465
643,9824,4.465
644,9824,4.465
645,9824,4.465
646,9824,4.465
647,9824,4.465
648,9826,4.466
649,9826,4.466
650,9826,4.466
651,9826,4.466
652,9828,4.467
653,9828,4.467
654,9828,4.467
655,9828,4.467
656,9828,4.467
657,9828,4.467
658,9828,4.467
659,9828,4.467
660,9830,4.468
661,9830,4.468
662,9830,4.468
663,9830,4.468
664,9830,4.468
665,9830,4.468
666,9830,4.468
667,9832,4.469
668,9832,4.469
669,9832,4.469
670,9832,4.469
671,9834,4.470
672,9836,4.471
673,9836,4.471
674,9836,4.471
675,9836,4.471
676,9836,4.471
677,9836,4.471
678,9836,4.471
679,9836,4.471
680,9836,4.471
681,9836,4.471
682,9838,4.472
683,9838,4.472
684,9838,4.472
685,9840,4.473
686,9840,4.473
687,9840,4.473
688,9840,4.473
689,9842,4.474
690,9842,4.474
691,9842,4.474
692,9842,4.474
693,9842,4.474
694,9842,4.474
695,9842,4.474
696,9842,4.474
697,9842,4.474
698,9842,4.474
699,9842,4.474
700,9842,4.474
701,9844,4.475
702,9844,4.475
703,9844,4.475
704,9844,4.475
705,9844,4.475
706,9846,4.475
707,9846,4.475
708,9846,4.475
709,9846,4.475
710,9846,4.475
711,9846,4.475
712,9848,4.476
713,9848,4.476
714,9848,4.476
715,9850,4.477
716,9850,4.477
717,9850,4.477
718,9850,4.477
719,9850,4.477
720,9852,4.478
721,9852,4.478
722,9852,4.478
723,9852,4.478
724,9852,4.478
725,9852,4.478
726,9852,4.478
727,9854,4.479
728,9854,4.479
729,9854,4.479
730,9854,4.479
731,9856,4.480
732,9856,4.480
733,9858,4.481
734,9858,4.481
735,9858,4.481
736,9858,4.481
737,9860,4.482
738,9860,4.482
739,9860,4.482
740,9860,4.482
741,9862,4.483
742,9862,4.483
743,9862,4.483
744,9862,4.483
745,9862,4.483
746,9864,4.484
747,9864,4.484
748,9864,4.484
749,9864,4.484
750,9864,4.484
751,9866,4.485
752,9866,4.485
753,9866,4.485
754,9866,4.485
755,9866,4.485
756,9866,4.485
757,9866,4.485
758,9868,4.485
759,9870,4.486
760,9870,4.486
761,9870,4.486
762,9872,4.487
763,9876,4.489
764,9876,4.489
765,9876,4.489
766,9876,4.489
767,9876,4.489
768,9876,4.489
769,9878,4.490
770,9878,4.490
771,9878,4.490
772,9880,4.491
773,9880,4.491
774,9880,4.491
775,9880,4.491
776,9880,4.491
777,9880,4.491
778,9882,4.492
779,9882,4.492
780,9882,4.492
781,9884,4.493
782,9884,4.493
783,9884,4.493
784,9884,4.493
785,9884,4.493
786,9884,4.493
787,9886,4.494
788,9886,4.494
789,9888,4.495
790,9888,4.495
791,9890,4.495
792,9890,4.495
793,9890,4.495
794,9890,4.495
795,9890,4.495
796,9892,4.496
797,9892,4.496
798,9892,4.496
799,9892,4.496
800,9892,4.496
801,9894,4.497
802,9894,4.497
803,9894,4.497
804,9894,4.497
805,9896,4.498
806,9896,4.498
807,9896,4.498
808,9898,4.499
809,9898,4.499
810,9898,4.499
811,9898,4.499
812,9898,4.499
813,9900,4.500
814,9900,4.500
815,9900,4.500
816,9900,4.500
817,9900,4.500
818,9902,4.501
819,9902,4.501
820,9902,4.501
821,9904,4.502
822,9904,4.502
823,9906,4.503
824,9906,4.503
825,9906,4.503
826,9908,4.504
827,9908,4.504
828,9908,4.504
829,9908,4.504
830,9908,4.504
831,9908,4.504
832,9908,4.504
833,9910,4.505
834,9910,4.505
835,9912,4.505
836,9914,4.506
837,9914,4.506
838,9914,4.506
839,9914,4.506
840,9914,4.506
841,9916,4.507
842,9916,4.507
843,9916,4.507
844,9916,4.507
845,9916,4.507
846,9916,4.507
847,9916,4.507
848,9918,4.508
849,9918,4.508
850,9918,4.508
851,9920,4.509
852,9920,4.509
853,9920,4.509
854,9920,4.509
855,9920,4.509
856,9922,4.510
857,9922,4.510
858,9922,4.510
859,9924,4.511
860,9924,4.511
861,9924,4.511
862,9924,4.511
863,9924,4.511
864,9924,4.511
865,9926,4.512
866,9926,4.512
867,9926,4.512
868,9926,4.512
869,9926,4.512
870,9928,4.513
871,9928,4.513
872,9928,4.513
873,9930,4.514
874,9930,4.514
875,9932,4.515
876,9932,4.515
877,9932,4.515
878,9934,4.515
879,9934,4.515
880,9934,4.515
881,9934,4.515
882,9934,4.515
883,9936,4.516
884,9936,4.516
885,9936,4.516
886,9936,4.516
887,9938,4.517
888,9938,4.517
889,9938,4.517
890,9938,4.517
891,9938,4.517
892,9938,4.517
893,9940,4.518
894,9940,4.518
895,9940,4.518
896,9940,4.518
897,9940,4.518
898,9940,4.518
899,9940,4.518
900,9940,4.518
901,9940,4.518
902,9942,4.519
903,9942,4.519
904,9944,4.520
905,9944,4.520
906,9944,4.520
907,9944,4.520
908,9944,4.520
909,9946,4.521
910,9946,4.521
911,9946,4.521
912,9946,4.521
913,9946,4.521
914,9946,4.521
915,9948,4.522
916,9948,4.522
917,9948,4.522
918,9950,4.523
919,9950,4.523
920,9950,4.523
921,9950,4.523
922,9950,4.523
923,9950,4.523
924,9952,4.524
925,9952,4.524
926,9952,4.524
927,9954,4.525
928,9954,4.525
929,9954,4.525
930,9956,4.525
931,9956,4.525
932,9956,4.525
933,9956,4.525
934,9958,4.526
935,9958,4.526
936,9958,4.526
937,9958,4.526
938,9958,4.526
939,9960,4.527
940,9960,4.527
941,9960,4.527
942,9960,4.527
943,9962,4.528
944,9962,4.528
945,9964,4.529
946,9964,4.529
947,9964,4.529
948,9964,4.529
949,9964,4.529
950,9966,4.530
951,9966,4.530
952,9966,4.530
953,9966,4.530
954,9968,4.531
955,9968,4.531
956,9968,4.531
957,9968,4.531
958,9968,4.531
959,9968,4.531
960,9970,4.532
961,9970,4.532
962,9970,4.532
963,9972,4.533
964,9974,4.534
965,9974,4.534
966,9974,4.534
967,9974,4.534
968,9974,4.534
969,9974,4.534
970,9974,4.534
971,9974,4.534
972,9976,4.535
973,9976,4.535
974,9976,4.535
975,9976,4.535
976,9978,4.535
977,9978,4.535
978,9978,4.535
979,9978,4.535
980,9978,4.535
981,9978,4.535
982,9980,4.536
983,9980,4.536
984,9980,4.536
985,9980,4.536
986,9980,4.536
987,9980,4.536
988,9980,4.536
989,9982,4.537
990,9982,4.537
991,9982,4.537
992,9982,4.537
993,9984,4.538
994,9984,4.538
995,9984,4.538
996,9984,4.538
997,9986,4.539
998,9986,4.539
999,9986,4.539
1000,9986,4.539
1001,9986,4.539
1002,9988,4.540
1003,9988,4.540
1004,9988,4.540
1005,9988,4.540
1006,9988,4.540
1007,9988,4.540
1008,9990,4.541
1009,9990,4.541
1010,9990,4.541
1011,9990,4.541
1012,9990,4.541
1013,9994,4.543
1014,9994,4.543
1015,9994,4.543
1016,9996,4.544
1017,9996,4.544
1018,9998,4.545
1019,9998,4.545
1020,9998,4.545
1021,9998,4.545
1022,9998,4.545
1023,9998,4.545
1024,9998,4.545
1025,10000,4.545
1026,10002,4.546
1027,10004,4.547
1028,10004,4.547
1029,10004,4.547
1030,10004,4.547
1031,10004,4.547
1032,10006,4.548
1033,10006,4.548
1034,10006,4.548
1035,10008,4.549
1036,10008,4.549
1037,10008,4.549
1038,10010,4.550
1039,10010,4.550
1040,10010,4.550
1041,10010,4.550
1042,10012,4.551
1043,10012,4.551
1044,10012,4.551
1045,10014,4.552
1046,10014,4.552
1047,10014,4.552
1048,10014,4.552
1049,10016,4.553
1050,10016,4.553
1051,10016,4.553
1052,10018,4.554
1053,10018,4.554
1054,10018,4.554
1055,10018,4.554
1056,10018,4.554
1057,10020,4.555
1058,10020,4.555
1059,10020,4.555
1060,10020,4.555
1061,10022,4.555
1062,10022,4.555
1063,10024,4.556
1064,10024,4.556
1065,10024,4.556
1066,10024,4.556
1067,10024,4.556
1068,10024,4.556
1069,10026,4.557
1070,10028,4.558
1071,10028,4.558
1072,10028,4.558
1073,10030,4.559
1074,10030,4.559
1075,10030,4.559
1076,10034,4.561
1077,10034,4.561
1078,10034,4.561
1079,10034,4.561
1080,10036,4.562
1081,10036,4.562
1082,10036,4.562
1083,10036,4.562
1084,10036,4.562
1085,10036,4.562
1086,10036,4.562
1087,10036,4.562
1088,10036,4.562
1089,10038,4.563
1090,10038,4.563
1091,10038,4.563
1092,10040,4.564
1093,10040,4.564
1094,10040,4.564
1095,10042,4.565
1096,10042,4.565
1097,10042,4.565
1098,10042,4.565
1099,10044,4.565
1100,10044,4.565
1101,10044,4.565
1102,10044,4.565
1103,10044,4.565
1104,10046,4.566
1105,10046,4.566
1106,10046,4.566
1107,10046,4.566
1108,10046,4.566
1109,10048,4.567
1110,10048,4.567
1111,10048,4.567
1112,10050,4.568
1113,10050,4.568
1114,10052,4.569
1115,10052,4.569
1116,10052,4.569
1117,10052,4.569
1118,10052,4.569
1119,10054,4.570
1120,10054,4.570
1121,10054,4.570
1122,10054,4.570
1123,10054,4.570
1124,10054,4.570
1125,10056,4.571
1126,10058,4.572
1127,10058,4.572
1128,10058,4.572
1129,10060,4.573
1130,10062,4.574
1131,10062,4.574
1132,10062,4.574
1133,10064,4.575
1134,10064,4.575
1135,10064,4.575
1136,10064,4.575
1137,10064,4.575
1138,10066,4.575
1139,10066,4.575
1140,10066,4.575
1141,10066,4.575
1142,10066,4.575
1143,10068,4.576
1144,10068,4.576
1145,10070,4.577
1146,10070,4.577
1147,10072,4.578
1148,10072,4.578
1149,10072,4.578
1150,10074,4.579
1151,10076,4.580
1152,10076,4.580
1153,10076,4.580
1154,10076,4.580
1155,10076,4.580
1156,10076,4.580
1157,10076,4.580
1158,10078,4.581
1159,10078,4.581
1160,10080,4.582
1161,10080,4.582
1162,10082,4.583
1163,10082,4.583
1164,10082,4.583
1165,10082,4.583
1166,10082,4.583
1167,10084,4.584
1168,10084,4.584
1169,10086,4.585
1170,10086,4.585
1171,10088,4.585
1172,10088,4.585
1173,10088,4.585
1174,10088,4.585
1175,10088,4.585
1176,10088,4.585
1177,10088,4.585
1178,10088,4.585
1179,10090,4.586
1180,10092,4.587
1181,10094,4.588
1182,10094,4.588
1183,10096,4.589
1184,10096,4.589
1185,10096,4.589
1186,10098,4.590
1187,10098,4.590
1188,10098,4.590
1189,10098,4.590
1190,10100,4.591
1191,10100,4.591
1192,10100,4.591
1193,10100,4.591
1194,10100,4.591
1195,10100,4.591
1196,10100,4.591
1197,10102,4.592
1198,10104,4.593
1199,10104,4.593
1200,10106,4.594
1201,10106,4.594
1202,10108,4.595
1203,10108,4.595
1204,10108,4.595
1205,10110,4.595
1206,10110,4.595
1207,10110,4.595
1208,10112,4.596
1209,10114,4.597
1210,10116,4.598
1211,10116,4.598
1212,10116,4.598
1213,10116,4.598
1214,10116,4.598
1215,10118,4.599
1216,10118,4.599
1217,10120,4.600
1218,10120,4.600
1219,10124,4.602
1220,10124,4.602
1221,10124,4.602
1222,10124,4.602
1223,10126,4.603
1224,10130,4.605
1225,10130,4.605
1226,10132,4.605
1227,10132,4.605
1228,10134,4.606
1229,10134,4.606
1230,10134,4.606
1231,10134,4.606
1232,10136,4.607
1233,10136,4.607
1234,10138,4.608
1235,10140,4.609
1236,10140,4.609
1237,10140,4.609
1238,10142,4.610
1239,10142,4.610
1240,10142,4.610
1241,10144,4.611
1242,10144,4.611
1243,10144,4.611
1244,10146,4.612
1245,10146,4.612
1246,10148,4.613
1247,10148,4.613
1248,10148,4.613
1249,10150,4.614
1250,10150,4.614
1251,10150,4.614
1252,10154,4.615
1253,10154,4.615
1254,10158,4.617
1255,10158,4.617
1256,10158,4.617
1257,10158,4.617
1258,10160,4.618
1259,10162,4.619
1260,10162,4.619
1261,10164,4.620
1262,10164,4.620
1263,10164,4.620
1264,10166,4.621
1265,10166,4.621
1266,10166,4.621
1267,10166,4.621
1268,10168,4.622
1269,10168,4.622
1270,10170,4.623
1271,10172,4.624
1272,10172,4.624
1273,10174,4.625
1274,10174,4.625
1275,10174,4.625
1276,10174,4.625
1277,10176,4.625
1278,10176,4.625
1279,10176,4.625
1280,10176,4.625
1281,10178,4.626
1282,10178,4.626
1283,10178,4.626
1284,10180,4.627
1285,10182,4.628
1286,10182,4.628
1287,10182,4.628
1288,10182,4.628
1289,10184,4.629
1290,10186,4.630
1291,10186,4.630
1292,10188,4.631
1293,10188,4.631
1294,10188,4.631
1295,10188,4.631
1296,10190,4.632
1297,10190,4.632
1298,10190,4.632
1299,10192,4.633
1300,10192,4.633
1301,10192,4.633
1302,10192,4.633
1303,10192,4.633
1304,10194,4.634
1305,10194,4.634
1306,10196,4.635
1307,10196,4.635
1308,10196,4.635
1309,10198,4.635
1310,10198,4.635
1311,10198,4.635
1312,10200,4.636
1313,10200,4.636
1314,10200,4.636
1315,10200,4.636
1316,10202,4.637
1317,10202,4.637
1318,10202,4.637
1319,10202,4.637
1320,10202,4.637
1321,10206,4.639
1322,10206,4.639
1323,10208,4.640
1324,10208,4.640
1325,10208,4.640
1326,10208,4.640
1327,10210,4.641
1328,10210,4.641
1329,10210,4.641
1330,10212,4.642
1331,10212,4.642
1332,10216,4.644
1333,10218,4.645
1334,10218,4.645
1335,10218,4.645
1336,10218,4.645
1337,10220,4.645
1338,10220,4.645
1339,10220,4.645
1340,10222,4.646
1341,10222,4.646
1342,10224,4.647
1343,10226,4.648
1344,10226,4.648
1345,10228,4.649
1346,10228,4.649
1347,10230,4.650
1348,10230,4.650
1349,10232,4.651
1350,10232,4.651
1351,10232,4.651
1352,10234,4.652
1353,10234,4.652
1354,10238,4.654
1355,10238,4.654
1356,10238,4.654
1357,10238,4.654
1358,10240,4.655
1359,10240,4.655
1360,10246,4.657
1361,10246,4.657
1362,10248,4.658
1363,10248,4.658
1364,10250,4.659
1365,10250,4.659
1366,10250,4.659
1367,10252,4.660
1368,10252,4.660
1369,10254,4.661
1370,10256,4.662
1371,10256,4.662
1372,10258,4.663
1373,10260,4.664
1374,10262,4.665
1375,10262,4.665
1376,10262,4.665
1377,10262,4.665
1378,10264,4.665
1379,10264,4.665
1380,10264,4.665
1381,10266,4.666
1382,10268,4.667
1383,10268,4.667
1384,10270,4.668
1385,10270,4.668
1386,10270,4.668
1387,10270,4.668
1388,10272,4.669
1389,10274,4.670
1390,10276,4.671
1391,10280,4.673
1392,10280,4.673
1393,10282,4.674
1394,10288,4.676
1395,10288,4.676
1396,10288,4.676
1397,10290,4.677
1398,10292,4.678
1399,10292,4.678
1400,10292,4.678
1401,10294,4.679
1402,10294,4.679
1403,10294,4.679
1404,10294,4.679
1405,10296,4.680
1406,10298,4.681
1407,10298,4.681
1408,10300,4.682
1409,10300,4.682
1410,10302,4.683
1411,10302,4.683
1412,10302,4.683
1413,10304,4.684
1414,10306,4.685
1415,10306,4.685
1416,10306,4.685
1417,10310,4.686
1418,10310,4.686
1419,10312,4.687
1420,10314,4.688
1421,10316,4.689
1422,10316,4.689
1423,10316,4.689
1424,10322,4.692
1425,10324,4.693
1426,10326,4.694
1427,10326,4.694
1428,10330,4.695
1429,10332,4.696
1430,10332,4.696
1431,10334,4.697
1432,10338,4.699
1433,10340,4.700
1434,10340,4.700
1435,10340,4.700
1436,10342,4.701
1437,10344,4.702
1438,10344,4.702
1439,10344,4.702
1440,10348,4.704
1441,10348,4.704
1442,10348,4.704
1443,10350,4.705
1444,10350,4.705
1445,10350,4.705
1446,10350,4.705
1447,10350,4.705
1448,10352,4.705
1449,10354,4.706
1450,10354,4.706
1451,10354,4.706
1452,10354,4.706
1453,10356,4.707
1454,10356,4.707
1455,10356,4.707
1456,10356,4.707
1457,10356,4.707
1458,10356,4.707
1459,10358,4.708
1460,10360,4.709
1461,10360,4.709
1462,10362,4.710
1463,10362,4.710
1464,10362,4.710
1465,10364,4.711
1466,10364,4.711
1467,10364,4.711
1468,10364,4.711
1469,10364,4.711
1470,10366,4.712
1471,10368,4.713
1472,10368,4.713
1473,10370,4.714
1474,10372,4.715
1475,10372,4.715
1476,10372,4.715
1477,10374,4.715
1478,10374,4.715
1479,10376,4.716
1480,10376,4.716
1481,10376,4.716
1482,10378,4.717
1483,10378,4.717
1484,10380,4.718
1485,10380,4.718
1486,10382,4.719
1487,10382,4.719
1488,10382,4.719
1489,10384,4.720
1490,10386,4.721
1491,10388,4.722
1492,10388,4.722
1493,10390,4.723
1494,10390,4.723
1495,10392,4.724
1496,10392,4.724
1497,10392,4.724
1498,10394,4.725
1499,10394,4.725
1500,10396,4.725
1501,10396,4.725
1502,10400,4.727
1503,10400,4.727
1504,10402,4.728
1505,10402,4.728
1506,10402,4.728
1507,10404,4.729
1508,10404,4.729
1509,10406,4.730
1510,10406,4.730
1511,10408,4.731
1512,10408,4.731
1513,10412,4.733
1514,10412,4.733
1515,10414,4.734
1516,10414,4.734
1517,10414,4.734
1518,10414,4.734
1519,10414,4.734
1520,10414,4.734
1521,10416,4.735
1522,10416,4.735
1523,10418,4.735
1524,10418,4.735
1525,10418,4.735
1526,10420,4.736
1527,10422,4.737
1528,10424,4.738
1529,10426,4.739
1530,10426,4.739
1531,10428,4.740
1532,10428,4.740
1533,10430,4.741
1534,10430,4.741
1535,10432,4.742
1536,10432,4.742
1537,10434,4.743
1538,10436,4.744
1539,10436,4.744
1540,10438,4.745
1541,10438,4.745
1542,10438,4.745
1543,10440,4.745
1544,10440,4.745
1545,10442,4.746
1546,10442,4.746
1547,10442,4.746
1548,10444,4.747
1549,10448,4.749
1550,10450,4.750
1551,10450,4.750
1552,10450,4.750
1553,10452,4.751
1554,10452,4.751
1555,10452,4.751
1556,10454,4.752
1557,10454,4.752
1558,10454,4.752
1559,10454,4.752
1560,10454,4.752
1561,10456,4.753
1562,10458,4.754
1563,10458,4.754
1564,10458,4.754
1565,10460,4.755
1566,10460,4.755
1567,10460,4.755
1568,10462,4.755
1569,10462,4.755
1570,10464,4.756
1571,10464,4.756
1572,10464,4.756
1573,10464,4.756
1574,10466,4.757
1575,10466,4.757
1576,10468,4.758
1577,10468,4.758
1578,10468,4.758
1579,10468,4.758
1580,10470,4.759
1581,10470,4.759
1582,10470,4.759
1583,10470,4.759
1584,10472,4.760
1585,10474,4.761
1586,10476,4.762
1587,10476,4.762
1588,10476,4.762
1589,10476,4.762
1590,10478,4.763
1591,10480,4.764
1592,10482,4.765
1593,10482,4.765
1594,10482,4.765
1595,10482,4.765
1596,10484,4.765
1597,10484,4.765
1598,10484,4.765
1599,10484,4.765
1600,10484,4.765
1601,10486,4.766
1602,10488,4.767
1603,10488,4.767
1604,10488,4.767
1605,10488,4.767
1606,10488,4.767
1607,10490,4.768
1608,10490,4.768
1609,10492,4.769
1610,10492,4.769
1611,10492,4.769
1612,10496,4.771
1613,10498,4.772
1614,10498,4.772
1615,10498,4.772
1616,10498,4.772
1617,10500,4.773
1618,10500,4.773
1619,10500,4.773
1620,10500,4.773
1621,10502,4.774
1622,10502,4.774
1623,10502,4.774
1624,10504,4.775
1625,10504,4.775
1626,10506,4.775
1627,10506,4.775
1628,10506,4.775
1629,10508,4.776
1630,10510,4.777
1631,10510,4.777
1632,10510,4.777
1633,10510,4.777
1634,10510,4.777
1635,10510,4.777
1636,10512,4.778
1637,10512,4.778
1638,10512,4.778
1639,10514,4.779
1640,10514,4.779
1641,10514,4.779
1642,10518,4.781
1643,10520,4.782
1644,10520,4.782
1645,10520,4.782
1646,10522,4.783
1647,10524,4.784
1648,10524,4.784
1649,10524,4.784
1650,10524,4.784
1651,10526,4.785
1652,10526,4.785
1653,10528,4.785
1654,10530,4.786
1655,10532,4.787
1656,10532,4.787
1657,10534,4.788
1658,10534,4.788
1659,10534,4.788
1660,10534,4.788
1661,10536,4.789
1662,10536,4.789
1663,10538,4.790
1664,10538,4.790
1665,10538,4.790
1666,10540,4.791
1667,10540,4.791
1668,10542,4.792
1669,10542,4.792
1670,10542,4.792
1671,10544,4.793
1672,10544,4.793
1673,10544,4.793
1674,10546,4.794
1675,10546,4.794
1676,10546,4.794
1677,10546,4.794
1678,10548,4.795
1679,10548,4.795
1680,10550,4.795
1681,10552,4.796
1682,10552,4.796
1683,10552,4.796
1684,10554,4.797
1685,10556,4.798
1686,10558,4.799
1687,10558,4.799
1688,10560,4.800
1689,10560,4.800
1690,10560,4.800
1691,10560,4.800
1692,10560,4.800
1693,10560,4.800
1694,10562,4.801
1695,10562,4.801
1696,10562,4.801
1697,10562,4.801
1698,10564,4.802
1699,10566,4.803
1700,10570,4.805
1701,10570,4.805
1702,10570,4.805
1703,10570,4.805
1704,10572,4.805
1705,10572,4.805
1706,10574,4.806
1707,10574,4.806
1708,10576,4.807
1709,10576,4.807
1710,10576,4.807
1711,10578,4.808
1712,10580,4.809
1713,10582,4.810
1714,10582,4.810
1715,10582,4.810
1716,10584,4.811
1717,10586,4.812
1718,10586,4.812
1719,10586,4.812
1720,10588,4.813
1721,10588,4.813
1722,10590,4.814
1723,10590,4.814
1724,10590,4.814
1725,10590,4.814
1726,10590,4.814
1727,10592,4.815
1728,10594,4.816
1729,10594,4.816
1730,10596,4.816
1731,10596,4.816
1732,10596,4.816
1733,10598,4.817
1734,10598,4.817
1735,10598,4.817
1736,10598,4.817
1737,10600,4.818
1738,10600,4.818
1739,10602,4.819
1740,10604,4.820
1741,10604,4.820
1742,10604,4.820
1743,10606,4.821
1744,10606,4.821
1745,10608,4.822
1746,10610,4.823
1747,10610,4.823
1748,10610,4.823
1749,10610,4.823
1750,10612,4.824
1751,10612,4.824
1752,10614,4.825
1753,10616,4.826
1754,10618,4.826
1755,10618,4.826
1756,10618,4.826
1757,10620,4.827
1758,10620,4.827
1759,10622,4.828
1760,10622,4.828
1761,10622,4.828
1762,10622,4.828
1763,10624,4.829
1764,10628,4.831
1765,10628,4.831
1766,10632,4.833
1767,10634,4.834
1768,10634,4.834
1769,10634,4.834
1770,10636,4.835
1771,10638,4.836
1772,10638,4.836
1773,10638,4.836
1774,10638,4.836
1775,10640,4.836
1776,10640,4.836
1777,10642,4.837
1778,10646,4.839
1779,10648,4.840
1780,10648,4.840
1781,10650,4.841
1782,10650,4.841
1783,10652,4.842
1784,10652,4.842
1785,10652,4.842
1786,10654,4.843
1787,10658,4.845
1788,10660,4.846
1789,10660,4.846
1790,10662,4.846
1791,10666,4.848
1792,10668,4.849
1793,10668,4.849
1794,10670,4.850
1795,10672,4.851
1796,10676,4.853
1797,10678,4.854
1798,10678,4.854
1799,10680,4.855
1800,10680,4.855
1801,10680,4.855
1802,10680,4.855
1803,10682,4.856
1804,10682,4.856
1805,10684,4.856
1806,10684,4.856
1807,10686,4.857
1808,10686,4.857
1809,10688,4.858
1810,10688,4.858
1811,10692,4.860
1812,10694,4.861
1813,10694,4.861
1814,10694,4.861
1815,10696,4.862
1816,10696,4.862
1817,10696,4.862
1818,10698,4.863
1819,10698,4.863
1820,10698,4.863
1821,10702,4.865
1822,10702,4.865
1823,10704,4.866
1824,10704,4.866
1825,10708,4.867
1826,10708,4.867
1827,10712,4.869
1828,10714,4.870
1829,10716,4.871
1830,10718,4.872
1831,10718,4.872
1832,10718,4.872
1833,10720,4.873
1834,10720,4.873
1835,10720,4.873
1836,10720,4.873
1837,10722,4.874
1838,10722,4.874
1839,10722,4.874
1840,10724,4.875
1841,10728,4.876
1842,10728,4.876
1843,10728,4.876
1844,10730,4.877
1845,10730,4.877
1846,10736,4.880
1847,10736,4.880
1848,10738,4.881
1849,10738,4.881
1850,10740,4.882
1851,10740,4.882
1852,10740,4.882
1853,10742,4.883
1854,10746,4.885
1855,10748,4.886
1856,10750,4.886
1857,10750,4.886
1858,10750,4.886
1859,10752,4.887
1860,10754,4.888
1861,10754,4.888
1862,10754,4.888
1863,10754,4.888
1864,10756,4.889
1865,10758,4.890
1866,10758,4.890
1867,10760,4.891
1868,10760,4.891
1869,10762,4.892
1870,10762,4.892
1871,10764,4.893
1872,10764,4.893
1873,10768,4.895
1874,10768,4.895
1875,10768,4.895
1876,10768,4.895
1877,10770,4.896
1878,10770,4.896
1879,10770,4.896
1880,10772,4.896
1881,10774,4.897
1882,10774,4.897
1883,10776,4.898
1884,10782,4.901
1885,10784,4.902
1886,10786,4.903
1887,10788,4.904
1888,10788,4.904
1889,10790,4.905
1890,10792,4.906
1891,10792,4.906
1892,10794,4.906
1893,10794,4.906
1894,10796,4.907
1895,10796,4.907
1896,10796,4.907
1897,10796,4.907
1898,10796,4.907
1899,10796,4.907
1900,10798,4.908
1901,10798,4.908
1902,10798,4.908
1903,10800,4.909
1904,10804,4.911
1905,10804,4.911
1906,10808,4.913
1907,10810,4.914
1908,10812,4.915
1909,10814,4.916
1910,10816,4.916
1911,10816,4.916
1912,10816,4.916
1913,10816,4.916
1914,10816,4.916
1915,10818,4.917
1916,10818,4.917
1917,10820,4.918
1918,10822,4.919
1919,10824,4.920
1920,10824,4.920
1921,10826,4.921
1922,10826,4.921
1923,10828,4.922
1924,10830,4.923
1925,10832,4.924
1926,10838,4.926
1927,10838,4.926
1928,10842,4.928
1929,10846,4.930
1930,10848,4.931
1931,10850,4.932
1932,10850,4.932
1933,10850,4.932
1934,10850,4.932
1935,10850,4.932
1936,10852,4.933
1937,10852,4.933
1938,10854,4.934
1939,10854,4.934
1940,10856,4.935
1941,10858,4.936
1942,10860,4.936
1943,10862,4.937
1944,10862,4.937
1945,10864,4.938
1946,10870,4.941
1947,10872,4.942
1948,10874,4.943
1949,10874,4.943
1950,10878,4.945
1951,10880,4.946
1952,10880,4.946
1953,10880,4.946
1954,10882,4.946
1955,10886,4.948
1956,10892,4.951
1957,10892,4.951
1958,10892,4.951
1959,10894,4.952
1960,10894,4.952
1961,10894,4.952
1962,10898,4.954
1963,10898,4.954
1964,10908,4.958
1965,10908,4.958
1966,10908,4.958
1967,10908,4.958
1968,10910,4.959
1969,10912,4.960
1970,10912,4.960
1971,10916,4.962
1972,10922,4.965
1973,10922,4.965
1974,10924,4.966
1975,10926,4.966
1976,10926,4.966
1977,10928,4.967
1978,10930,4.968
1979,10934,4.970
1980,10934,4.970
1981,10936,4.971
1982,10936,4.971
1983,10942,4.974
1984,10948,4.976
1985,10948,4.976
1986,10952,4.978
1987,10954,4.979
1988,10958,4.981
1989,10964,4.984
1990,10968,4.986
1991,10970,4.986
1992,10972,4.987
1993,10974,4.988
1994,10974,4.988
1995,10974,4.988
1996,10976,4.989
1997,10984,4.993
1998,10984,4.993
1999,10988,4.995
2000,10990,4.996
2001,10990,4.996
2002,10992,4.996
2003,10994,4.997
2004,10998,4.999
2005,11000,5.000
2006,11000,5.000
2007,11002,5.001
2008,11008,5.004
2009,11010,5.005
2010,11012,5.006
2011,11014,5.006
2012,11032,5.015
2013,11042,5.019
2014,11048,5.022
2015,11050,5.023
2016,11056,5.026
2017,11058,5.026
2018,11058,5.026
2019,11060,5.027
2020,11064,5.029
2021,11064,5.029
2022,11066,5.030
2023,11072,5.033
2024,11074,5.034
2025,11076,5.035
2026,11082,5.037
2027,11092,5.042
2028,11096,5.044
2029,11098,5.045
2030,11100,5.046
2031,11100,5.046
2032,11100,5.046
2033,11102,5.046
2034,11104,5.047
2035,11104,5.047
2036,11104,5.047
2037,11106,5.048
2038,11106,5.048
2039,11108,5.049
2040,11110,5.050
2041,11112,5.051
2042,11112,5.051
2043,11112,5.051
2044,11114,5.052
2045,11116,5.053
2046,11124,5.056
2047,11134,5.061
2048,11134,5.061
2049,11140,5.064
2050,11142,5.065
2051,11148,5.067
2052,11150,5.068
2053,11154,5.070
2054,11156,5.071
2055,11162,5.074
2056,11168,5.076
2057,11174,5.079
2058,11188,5.086
2059,11194,5.088
2060,11198,5.090
2061,11200,5.091
2062,11202,5.092
2063,11204,5.093
2064,11206,5.094
2065,11208,5.095
2066,11212,5.096
2067,11212,5.096
2068,11214,5.097
2069,11216,5.098
2070,11228,5.104
2071,11236,5.107
2072,11236,5.107
2073,11244,5.111
2074,11254,5.116
2075,11270,5.123
2076,11272,5.124
2077,11296,5.135
2078,11296,5.135
2079,11298,5.136
2080,11306,5.139
2081,11310,5.141
2082,11312,5.142
2083,11316,5.144
2084,11322,5.146
2085,11322,5.146
2086,11324,5.147
2087,11334,5.152
2088,11342,5.156
2089,11350,5.159
2090,11354,5.161
2091,11358,5.163
2092,11360,5.164
2093,11364,5.166
2094,11366,5.166
2095,11366,5.166
2096,11370,5.168
2097,11374,5.170
2098,11378,5.172
2099,11382,5.174
2100,11384,5.175
2101,11390,5.177
2102,11392,5.178
2103,11398,5.181
2104,11404,5.184
2105,11408,5.186
2106,11408,5.186
2107,11422,5.192
2108,11422,5.192
2109,11426,5.194
2110,11428,5.195
2111,11432,5.196
2112,11434,5.197
2113,11448,5.204
2114,11456,5.207
2115,11458,5.208
2116,11460,5.209
2117,11462,5.210
2118,11462,5.210
2119,11470,5.214
2120,11472,5.215
2121,11480,5.218
2122,11486,5.221
2123,11492,5.224
2124,11522,5.237
2125,11524,5.238
2126,11544,5.247
2127,11550,5.250
2128,11572,5.260
2129,11578,5.263
2130,11580,5.264
2131,11582,5.265
2132,11586,5.266
2133,11598,5.272
2134,11616,5.280
2135,11618,5.281
2136,11632,5.287
2137,11642,5.292
2138,11646,5.294
2139,11650,5.296
2140,11656,5.298
2141,11668,5.304
2142,11668,5.304
2143,11668,5.304
2144,11696,5.316
2145,11702,5.319
2146,11712,5.324
2147,11722,5.328
2148,11728,5.331
2149,11730,5.332
2150,11744,5.338
2151,11748,5.340
2152,11754,5.343
2153,11754,5.343
2154,11762,5.346
2155,11764,5.347
2156,11764,5.347
2157,11772,5.351
2158,11776,5.353
2159,11780,5.355
2160,11790,5.359
2161,11796,5.362
2162,11810,5.368
2163,11810,5.368
2164,11822,5.374
2165,11830,5.377
2166,11844,5.384
2167,11848,5.386
2168,11852,5.387
2169,11854,5.388
2170,11856,5.389
2171,11862,5.392
2172,11868,5.395
2173,11872,5.396
2174,11876,5.398
2175,11890,5.405
2176,11892,5.406
2177,11900,5.409
2178,11934,5.425
2179,11956,5.435
2180,11970,5.441
2181,11976,5.444
2182,11980,5.446
2183,12014,5.461
2184,12016,5.462
2185,12034,5.470
2186,12034,5.470
2187,12042,5.474
2188,12050,5.477
2189,12052,5.478
2190,12054,5.479
2191,12056,5.480
2192,12066,5.485
2193,12070,5.486
2194,12074,5.488
2195,12076,5.489
2196,12080,5.491
2197,12094,5.497
2198,12106,5.503
2199,12106,5.503
2200,12110,5.505
2201,12112,5.506
2202,12120,5.509
2203,12132,5.515
2204,12136,5.516
2205,12136,5.516
2206,12140,5.518
2207,12150,5.523
2208,12154,5.525
2209,12160,5.527
2210,12162,5.528
2211,12162,5.528
2212,12164,5.529
2213,12166,5.530
2214,12184,5.538
2215,12190,5.541
2216,12220,5.555
2217,12234,5.561
2218,12236,5.562
2219,12242,5.565
2220,12242,5.565
2221,12252,5.569
2222,12260,5.573
2223,12262,5.574
2224,12268,5.576
2225,12280,5.582
2226,12280,5.582
2227,12292,5.587
2228,12292,5.587
2229,12292,5.587
2230,12294,5.588
2231,12296,5.589
2232,12298,5.590
2233,12300,5.591
2234,12314,5.597
2235,12318,5.599
2236,12324,5.602
2237,12344,5.611
2238,12346,5.612
2239,12360,5.618
2240,12368,5.622
2241,12372,5.624
2242,12378,5.626
2243,12380,5.627
2244,12386,5.630
2245,12386,5.630
2246,12386,5.630
2247,12402,5.637
2248,12404,5.638
2249,12404,5.638
2250,12408,5.640
2251,12412,5.642
2252,12422,5.646
2253,12424,5.647
2254,12428,5.649
2255,12428,5.649
2256,12432,5.651
2257,12440,5.655
2258,12440,5.655
2259,12444,5.656
2260,12444,5.656
2261,12458,5.663
2262,12462,5.665
2263,12466,5.666
2264,12470,5.668
2265,12474,5.670
2266,12482,5.674
2267,12486,5.676
2268,12488,5.676
2269,12488,5.676
2270,12496,5.680
2271,12500,5.682
2272,12510,5.686
2273,12510,5.686
2274,12512,5.687
2275,12522,5.692
2276,12528,5.695
2277,12540,5.700
2278,12560,5.709
2279,12566,5.712
2280,12580,5.718
2281,12586,5.721
2282,12586,5.721
2283,12590,5.723
2284,12592,5.724
2285,12606,5.730
2286,12608,5.731
2287,12616,5.735
2288,12618,5.736
2289,12632,5.742
2290,12632,5.742
2291,12638,5.745
2292,12690,5.768
2293,12692,5.769
2294,12696,5.771
2295,12704,5.775
2296,12706,5.776
2297,12716,5.780
2298,12746,5.794
2299,12754,5.797
2300,12756,5.798
2301,12756,5.798
2302,12770,5.805
2303,12770,5.805
2304,12780,5.809
2305,12782,5.810
2306,12800,5.818
2307,12804,5.820
2308,12836,5.835
2309,12854,5.843
2310,12860,5.846
2311,12860,5.846
2312,12896,5.862
2313,12908,5.867
2314,12910,5.868
2315,12918,5.872
2316,12920,5.873
2317,12928,5.876
2318,12934,5.879
2319,12954,5.888
2320,12954,5.888
2321,12956,5.889
2322,12982,5.901
2323,12984,5.902
2324,13014,5.916
2325,13036,5.926
2326,13068,5.940
2327,13072,5.942
2328,13082,5.946
2329,13102,5.956
2330,13108,5.958
2331,13158,5.981
2332,13198,5.999
2333,13210,6.005
2334,13220,6.009
2335,13232,6.015
2336,13238,6.017
2337,13242,6.019
2338,13272,6.033
2339,13288,6.040
2340,13288,6.040
2341,13300,6.046
2342,13320,6.055
2343,13338,6.063
2344,13358,6.072
2345,13374,6.079
2346,13400,6.091
2347,13492,6.133
2348,13498,6.136
2349,13502,6.137
2350,13526,6.148
2351,13548,6.158
2352,13556,6.162
2353,13560,6.164
2354,13618,6.190
2355,13630,6.196
2356,13636,6.198
2357,13652,6.206
2358,13666,6.212
2359,13696,6.226
2360,13714,6.234
2361,13726,6.239
2362,13752,6.251
2363,13792,6.269
2364,13798,6.272
2365,13844,6.293
2366,13968,6.349
2367,14044,6.384
2368,14082,6.401
2369,14088,6.404
2370,14138,6.426
2371,14232,6.469
2372,14232,6.469
2373,14324,6.511
2374,14342,6.519
2375,14430,6.559
2376,14432,6.560
2377,14460,6.573
2378,14498,6.590
2379,14510,6.596
2380,14512,6.596
2381,14526,6.603
2382,14530,6.605
2383,14542,6.610
2384,14542,6.610
2385,14546,6.612
2386,14548,6.613
2387,14554,6.616
2388,14558,6.617
2389,14610,6.641
2390,14632,6.651
2391,14642,6.656
2392,14650,6.659
2393,14684,6.675
2394,14686,6.676
2395,14696,6.680
2396,14698,6.681
2397,14706,6.685
2398,14706,6.685
2399,14742,6.701
2400,14780,6.718
2401,14812,6.733
2402,14814,6.734
2403,14814,6.734
2404,14818,6.736
2405,14826,6.739
2406,14854,6.752
2407,14882,6.765
2408,14882,6.765
2409,14890,6.768
2410,14924,6.784
2411,14950,6.796
2412,14964,6.802
2413,14972,6.806
2414,15002,6.819
2415,15006,6.821
2416,15028,6.831
2417,15030,6.832
2418,15038,6.836
2419,15040,6.836
2420,15050,6.841
2421,15052,6.842
2422,15064,6.847
2423,15086,6.857
2424,15092,6.860
2425,15096,6.862
2426,15100,6.864
2427,15100,6.864
2428,15110,6.868
2429,15136,6.880
2430,15152,6.887
2431,15158,6.890
2432,15164,6.893
2433,15186,6.903
2434,15192,6.906
2435,15198,6.908
2436,15208,6.913
2437,15232,6.924
2438,15236,6.926
2439,15238,6.926
2440,15246,6.930
2441,15256,6.935
2442,15270,6.941
2443,15296,6.953
2444,15314,6.961
2445,15344,6.975
2446,15358,6.981
2447,15366,6.985
2448,15384,6.993
2449,15390,6.996
2450,15414,7.006
2451,15436,7.016
2452,15442,7.019
2453,15464,7.029
2454,15466,7.030
2455,15478,7.036
2456,15482,7.037
2457,15498,7.045
2458,15516,7.053
2459,15516,7.053
2460,15534,7.061
2461,15574,7.079
2462,15578,7.081
2463,15586,7.085
2464,15604,7.093
2465,15608,7.095
2466,15614,7.097
2467,15634,7.106
2468,15726,7.148
2469,15736,7.153
2470,15752,7.160
2471,15756,7.162
2472,15770,7.168
2473,15776,7.171
2474,15784,7.175
2475,15796,7.180
2476,15810,7.186
2477,15834,7.197
2478,15904,7.229
2479,15936,7.244
2480,15958,7.254
2481,15960,7.255
2482,15982,7.265
2483,16020,7.282
2484,16034,7.288
2485,16054,7.297
2486,16058,7.299
2487,16086,7.312
2488,16094,7.316
2489,16118,7.326
2490,16120,7.327
2491,16150,7.341
2492,16210,7.368
2493,16220,7.373
2494,16252,7.387
2495,16256,7.389
2496,16266,7.394
2497,16280,7.400
2498,16284,7.402
2499,16294,7.406
2500,16338,7.426
2501,16438,7.472
2502,16496,7.498
2503,16578,7.536
2504,16602,7.546
2505,16706,7.594
2506,16730,7.605
2507,16886,7.676
2508,17006,7.730
2509,17026,7.739
2510,17080,7.764
2511,17136,7.789
2512,17178,7.808
2513,17184,7.811
2514,17220,7.827
2515,17274,7.852
2516,17316,7.871
2517,17354,7.888
2518,17376,7.898
2519,17568,7.986
2520,17696,8.044
2521,17780,8.082
2522,17998,8.181
2523,18010,8.186
2524,18048,8.204
2525,18526,8.421
2526,18846,8.566
2527,19036,8.653
2528,19312,8.778
2529,19532,8.878
2530,19618,8.917
2531,20256,9.207
2532,20392,9.269
2533,20718,9.417
2534,20860,9.482
2535,20914,9.506
2536,20996,9.544
2537,21150,9.614
2538,21974,9.988
2539,22076,10.035
2540,22528,10.240
2541,22710,10.323
2542,23106,10.503
2543,24148,10.976
2544,25556,11.616
2545,25696,11.680
2546,26402,12.001
2547,26478,12.036
2548,26794,12.179
2549,26962,12.256
2550,28116,12.780
2551,28334,12.879
2552,29522,13.419
2553,29734,13.516
2554,30344,13.793
2555,92176,41.899
2556,95428,43.377
2557,102858,46.754
2558,118434,53.834
2559,131396,59.726
